Galaxy,Galaxy_clean,morph_type_T,D,Inc,stellar_mass_logM,HI_gas_mass_MHI,baryonic_mass_logMb,effective_radius_Reff,surface_brightness_SBeff,disk_scale_length_Rdisk,rotation_velocity_Vflat,color_3p6_4p5,R_max_kpc,V_obs_outer,V_baryon_outer,log_Mdyn,dm_fraction
UGC08286,UGC08286,6,6.5,90.0,8.99,0.642,9.17,2.25,39.52,1.05,82.4,3.55,8.04,84.3,38.00846747765556,10.123334155223908,0.7967148901919231
UGC07232,UGC07232,10,2.83,59.0,7.704,0.046,8.07,0.46,83.34,0.29,35.2,2.54,0.62,35.2,27.61289734888391,8.251899973680489,0.384626727143595
UGC01230,UGC01230,9,53.7,22.0,9.58092497567562,6.43,10.092085226100666,6.45,28.63,4.34,103.7,3.14,36.54,103.0,50.42213898675858,10.954865949652836,0.7603551607126025
UGC05986,UGC05986,9,8.63,90.0,9.370605600938148,2.667,9.77,3.12,76.71,1.67,113.0,3.14,9.41,107.0,55.94092062167014,10.39878013602365,0.7266672547820772
UGC06983,UGC06983,6,18.0,49.0,9.446,2.967,9.82857314761644,3.95,53.56,3.21,109.0,2.81,13.94,108.0,59.65506600448951,10.577533241961863,0.6948965277777777
UGC06930,UGC06930,7,18.0,32.0,9.749,3.237,9.94,4.38,73.93,3.94,107.2,2.73,16.61,108.0,65.35510997619085,10.653640100651266,0.6338056927297668
NGC1705,NGC1705,11,5.73,80.0,8.533,0.139,8.721037684337128,0.49,347.4,0.39,71.9,1.61,5.56,71.8,24.290327292978166,9.823746637292631,0.885549460354901
F563-V1,F563-V1,10,54.0,60.0,8.886490725172482,0.61,9.19901427093462,5.01,9.75,3.79,27.3,3.14,7.87,27.3,30.840197794437053,9.13472298366655,0.0
UGC05918,UGC05918,10,7.66,46.0,8.066325925362039,0.297,8.71,2.63,5.36,1.66,44.5,3.14,4.46,44.5,23.069442992842287,9.312477837899978,0.731246458780457
NGC4010,NGC4010,7,18.0,89.0,9.93432166751343,2.832,10.09,6.63,14.75,2.81,125.8,3.14,10.47,122.0,96.31905989989728,10.559089300254312,0.3766889747379736
UGC03580,UGC03580,1,20.7,63.0,9.821709997298376,4.37,10.09,1.84,614.94,2.43,126.2,3.14,27.06,124.0,58.122025085160274,10.985594119812047,0.7802959287200832
NGC3917,NGC3917,6,18.0,79.0,10.040720983601194,1.888,10.13,5.56,112.94,2.63,135.9,3.14,13.94,138.0,98.39248802627161,10.790443903790436,0.49164662360848543
NGC2683,NGC2683,3,9.81,80.0,10.903,1.406,10.62,3.34,1139.8,2.18,154.0,4.19,34.62,151.0,102.08162910142059,11.263703915351687,0.542973597649226
NGC2998,NGC2998,5,68.1,58.0,11.061,23.451,11.165154872122597,7.06,479.55,6.2,209.9,3.58,42.28,203.0,145.16660945272506,11.607550011687787,0.48862276444466013
KK98-251,KK98-251,10,6.8,59.0,7.628388930050312,0.115,8.29,1.28,7.89,1.34,33.7,3.14,3.13,34.2,21.403518402356188,8.930019506884692,0.6083319653910606
ESO079-G014,ESO079-G014,4,28.7,79.0,10.412737668240323,3.14,10.48,7.23,157.34,5.08,175.0,3.14,16.67,178.0,130.66190339957552,11.089198561671767,0.4611623216765559
UGC04278,UGC04278,7,9.51,90.0,8.815245591916563,1.116,9.33,2.46,34.11,2.21,91.4,3.14,6.69,92.8,51.48213282295131,10.12694502743152,0.692236502303805
NGC3726,NGC3726,5,18.0,53.0,10.706,6.473,10.64,7.52,198.08,3.4,168.0,3.31,32.52,167.0,106.9018287963307,11.32400643644317,0.5902326723797913
F574-1,F574-1,7,96.8,65.0,9.482,3.524,9.9,5.87,29.98,4.46,97.8,3.16,12.6,99.7,58.48278806623364,10.464183818966847,0.6559149363838759
UGC07866,UGC07866,10,4.57,44.0,7.713,0.118,8.34,0.95,21.92,0.61,28.2,2.18,1.67,28.2,20.40604077228113,8.489637645012278,0.47637631406870895
UGC06923,UGC06923,10,18.0,65.0,9.142,0.809,9.4,1.66,166.28,1.44,79.6,2.93,5.16,81.1,60.34407013120677,9.897114367275496,0.44635996113853726
UGC11820,UGC11820,9,18.1,45.0,8.566,1.977,9.49,2.74,20.18,2.08,84.45,3.09,15.82,84.45,39.25197192498741,10.418828744201685,0.7839652317909813
UGC05999,UGC05999,10,47.7,22.0,9.228400358703004,2.022,9.641599026566622,4.83,22.95,3.22,97.7,3.14,13.89,97.7,50.37448560531413,10.488914330401135,0.7341527811098458
IC2574,IC2574,9,3.91,75.0,8.70586371228392,1.036,9.275514054787385,3.18,15.88,2.78,66.4,3.14,9.67,65.2,35.80586125203526,9.980344622772815,0.6984126943053935
NGC3741,NGC3741,10,3.21,70.0,7.192,0.182,8.41,0.32,42.94,0.2,50.1,2.44,7.0,51.6,13.967648334633859,9.636820400494653,0.9267264587464695
NGC1090,NGC1090,4,37.0,64.0,10.794,8.783,10.68,6.36,283.68,3.53,164.4,3.6,27.65,162.0,122.35681019052434,11.227148121951952,0.4295385992988874
UGC02953,UGC02953,2,16.5,50.0,11.216,7.678,11.15,5.03,1544.65,3.55,264.9,3.0,62.39,272.0,138.24064850831684,12.030675750924733,0.7416944623161765
F568-1,F568-1,5,90.7,26.0,9.411,4.498,9.932405832714277,7.0,20.36,5.18,142.0,2.5,13.23,142.0,68.87459400969271,10.792559490179586,0.7647436173378298
F563-V2,F563-V2,10,59.7,29.0,9.174059807725026,2.169,9.641252940796383,4.49,23.6,2.43,116.6,3.14,10.47,118.0,54.70935294810203,10.530133653517066,0.7850392631427751
NGC4559,NGC4559,6,9.0,67.0,9.98625654359883,5.811,10.24,3.82,211.27,2.1,121.2,3.14,20.97,119.0,83.1361082803375,10.839115310476378,0.5119262410846691
IC4202,IC4202,4,100.4,90.0,10.953636487281399,12.326,11.03,8.55,391.59,4.78,242.6,3.14,25.9,247.0,194.22158196245852,11.565116627826557,0.3816974069399598
F567-2,F567-2,9,79.0,20.0,9.02816441942447,2.449,9.635902759428042,5.43,11.5,3.08,52.2,3.14,9.59,52.2,40.974515250335784,9.78358257040116,0.3838497306263855
ESO563-G021,ESO563-G021,4,60.8,83.0,11.186,24.298,11.27,10.59,429.37,5.45,314.6,3.0,42.41,312.0,196.97196805637088,11.982200417722568,0.601434539365549
NGC4013,NGC4013,3,18.0,89.0,10.769,2.967,10.64,4.11,746.16,3.53,172.9,4.52,31.01,170.0,108.99726693821272,11.318822566219847,0.5889133494809689
UGC04499,UGC04499,8,12.5,50.0,8.84,1.1,9.35,2.69,33.79,1.73,72.8,2.47,8.18,74.3,46.248969718254266,10.021153888418446,0.612540336093354
UGC05005,UGC05005,10,53.7,41.0,9.311753861055754,3.093,9.79,5.02,25.63,3.2,98.9,3.14,22.72,100.0,47.447193805324254,10.722831284264954,0.77487638
UGC07125,UGC07125,9,19.8,90.0,9.222,4.629,9.88,3.92,28.11,3.38,65.2,3.23,18.68,64.9,43.258688144695284,10.262289222720787,0.5557194546071829
UGC10310,UGC10310,9,15.2,34.0,8.995,1.196,9.411490592680314,3.12,28.37,1.8,71.4,2.59,7.74,73.2,47.02672112746114,9.98418608002565,0.5872688606706681
NGC0801,NGC0801,5,80.7,80.0,11.186,23.201,11.27,7.76,818.14,8.72,220.1,2.55,52.86,216.0,179.65069329117546,11.758457618323526,0.3082482081618656
UGC06787,UGC06787,2,21.3,66.0,10.853,5.03,10.89195651413979,2.88,1891.6,5.37,248.1,3.81,37.19,255.0,114.0866311186372,11.749929496452856,0.7998345344098424
UGC02259,UGC02259,8,10.5,41.0,9.047,0.494,9.18,2.4,47.08,1.62,86.2,3.0,7.13,88.3,44.881070620028666,10.111433894232976,0.7416520561403328
NGC4051,NGC4051,4,18.0,49.0,10.677917052328029,2.697,10.709448137839987,6.87,319.76,4.65,157.0,3.14,12.19,153.0,173.56022873919014,10.821809524479553,0.0
UGC07399,UGC07399,8,8.43,55.0,8.726,0.745,9.2,1.27,113.98,1.64,103.0,2.85,6.13,106.0,40.21075726717914,10.204495162273929,0.8560960306158776
D564-8,D564-8,10,8.79,63.0,7.217483944213907,0.029,7.74,0.72,10.11,0.61,25.0,3.14,3.07,25.0,10.39635032114636,8.649441350047235,0.8270654399999999
UGC00634,UGC00634,9,30.9,37.0,9.1744959193753,3.663,9.8,4.26,26.11,2.45,107.5,3.14,18.01,107.5,45.99207866578766,10.684753598548754,0.8169586760411033
UGC07603,UGC07603,7,4.7,78.0,8.262,0.258,8.73,0.85,81.81,0.53,61.6,2.88,3.42,61.5,28.339728297921276,9.478199294832942,0.7876554431885783
UGC08699,UGC08699,2,39.3,73.0,10.711,3.738,10.48,1.91,2191.95,3.09,182.4,3.99,25.7,183.0,100.57363968754436,11.301258260018127,0.6979588222998596
NGC4214,NGC4214,10,2.87,15.0,8.883,0.486,9.149285571128383,0.7,363.77,0.51,80.1,2.29,5.63,80.6,33.28091495136515,9.9296014356875,0.8295015516381481
UGC02916,UGC02916,2,65.4,50.0,10.792927222529496,23.273,10.968621106938608,2.8,2425.66,6.15,182.7,3.14,34.91,182.0,148.11546576910865,11.429515582010302,0.33769498852795554
F579-V1,F579-V1,5,89.5,26.0,9.805,2.245,9.971669359370123,5.76,56.6,3.37,112.1,3.14,15.16,114.0,71.64346795067922,10.660931861194953,0.6050487457679286
UGC09037,UGC09037,6,83.6,65.0,10.595,19.078,10.78,5.69,334.83,4.28,152.3,3.29,27.96,152.0,122.46910018449552,11.176647300189162,0.35081888417590024
NGC6789,NGC6789,11,3.52,43.0,7.698970004336019,0.017,7.86,0.52,59.27,0.31,60.4,3.14,0.71,60.4,24.445322660991817,8.779755183187312,0.8361985768168063
UGC04325,UGC04325,9,9.6,41.0,9.045,0.678,9.28,2.79,41.0,1.86,90.9,2.96,4.89,92.7,55.558347707612754,9.989891284638587,0.6407976456048848
NGC4085,NGC4085,5,18.0,82.0,10.331,1.349,10.365919743663271,2.0,856.7,1.65,131.5,4.08,5.32,133.0,151.7917840332605,10.340037871455193,0.0
NGC0289,NGC0289,4,20.8,46.0,10.594,27.469,10.86,2.69,1587.93,6.74,163.0,2.84,71.12,165.0,85.06170231073442,11.653382593615943,0.7342334912764004
NGC5985,NGC5985,3,39.7,60.0,11.286,11.586,11.08,10.71,288.95,7.01,293.6,3.73,34.72,285.0,189.85884388144788,11.816692393747447,0.5562156897506926
F571-8,F571-8,5,53.3,85.0,9.70603466071435,1.782,9.87,1.4,825.71,3.56,139.7,3.14,15.55,144.0,56.566096736472815,10.874878334779329,0.8456923562885803
UGC07151,UGC07151,6,6.87,90.0,9.117,0.616,9.29,2.17,76.71,1.25,73.5,3.04,5.5,76.2,55.583771012769546,9.870695589399418,0.4679088047064983
UGC00128,UGC00128,8,64.5,57.0,9.77887447200274,7.431,10.2,9.63,20.36,5.95,129.3,3.14,53.75,125.0,47.28518161115594,11.290621451829729,0.8569031424
NGC4068,NGC4068,10,4.37,44.0,8.071882007306126,0.154,8.508960433176952,1.11,30.26,0.59,36.0,3.14,1.91,36.0,29.509661129874058,8.760061326008275,0.3280709104938272
UGC11914,UGC11914,2,16.9,31.0,10.975,0.888,10.980399411352733,3.12,2425.66,2.44,288.1,4.2,9.83,305.0,257.7834374043453,11.32757615375168,0.28565116259070145
ESO444-G084,ESO444-G084,10,4.83,32.0,7.550228353055094,0.135,8.33,0.75,19.81,0.46,63.1,3.14,3.39,63.1,20.045273757172787,9.496681373917324,0.8990827830952806
UGC00191,UGC00191,9,17.1,45.0,9.000867721531227,1.343,9.45,2.5,50.21,1.58,83.85,3.14,9.98,83.85,46.44568871273199,10.212559632397554,0.6931792830781889
NGC4217,NGC4217,3,18.0,86.0,10.629913944096419,2.562,10.66,5.28,483.98,2.94,181.3,3.14,16.72,178.0,153.66406020927602,11.090499234946758,0.2547455056179775
DDO161,DDO161,10,7.5,70.0,8.437750562820389,1.378,9.32,2.04,20.74,1.22,66.3,3.14,13.37,66.1,30.952935240458213,10.132957283459238,0.7807191231366768
F583-1,F583-1,9,35.4,63.0,8.62,2.126,9.52,3.74,11.19,2.36,85.8,2.87,16.26,85.8,43.08445891501946,10.444518074181433,0.7478455072511017
NGC5371,NGC5371,4,39.7,53.0,11.607,11.18,11.27,9.8,560.83,7.44,209.5,3.63,46.24,213.0,188.66767449671923,11.68819998951592,0.21542261456060308
DDO064,DDO064,10,6.8,60.0,7.894869656745253,0.211,8.56,1.2,17.41,0.69,46.1,3.14,2.98,46.9,28.06586895145062,9.182984906732395,0.6418942448888665
NGC0024,NGC0024,5,7.3,64.0,9.384,0.676,9.45,2.01,151.65,1.34,106.3,1.76,11.27,110.0,45.00080999271013,10.501132243588529,0.8326386033057851
NGC7793,NGC7793,7,3.61,47.0,9.569,0.861,9.67,2.19,233.79,1.21,94.5,3.0,7.35,94.5,76.43767461141135,10.183573913328694,0.3457385739480977
UGC05414,UGC05414,10,9.4,55.0,8.975,0.574,9.232355848300857,2.33,32.87,1.47,61.4,2.64,4.11,61.4,41.50478165223857,9.556601521384378,0.5430596345849824
UGC11557,UGC11557,8,24.2,30.0,9.781791265275348,2.605,9.98,4.18,106.86,2.75,85.0,3.14,5.94,85.0,95.6163165992081,9.999047253635752,0.0
ESO116-G012,ESO116-G012,7,13.0,74.0,9.331629717629932,1.083,9.55,2.75,90.54,1.51,109.1,3.14,9.86,112.0,57.32175154337139,10.458735917507546,0.738059375
UGC12732,UGC12732,9,13.2,39.0,8.920905604164025,3.66,9.755973893997757,3.12,26.84,1.98,95.5,3.14,14.4,95.5,47.69880606472241,10.484792192488715,0.7505357747868754
UGC05721,UGC05721,7,6.18,61.0,8.424064525417489,0.562,9.01,0.6,233.79,0.38,79.7,3.14,6.74,79.5,30.802120056905174,9.995817111074233,0.8498840077528579
CamB,CAMB,10,3.36,65.0,7.574031267727719,0.012,7.73,1.21,7.89,0.47,20.1,3.14,1.79,20.1,16.433386747715762,8.225668103046845,0.33156060493552153
UGC06628,UGC06628,9,15.1,20.0,9.557,1.5,9.748249012421123,4.14,34.74,2.82,41.8,2.98,7.69,42.3,56.30239515331475,9.505030031777489,0.0
UGC05764,UGC05764,10,7.47,60.0,7.628388930050312,0.163,8.41,1.2,9.31,1.17,49.9,3.14,3.62,49.9,22.585521911171323,9.321332619005918,0.795139055666443
NGC3992,NGC3992,4,23.7,56.0,11.311,16.599,11.13,9.99,360.44,4.96,241.0,3.7,41.44,241.0,167.37552748236521,11.747876789112887,0.5176638281021333
NGC2403,NGC2403,6,3.16,63.0,9.76,3.199,9.97,2.16,341.06,1.39,131.2,2.97,20.37,135.0,61.267669288132716,10.93608152321615,0.7940341673525377
PGC51017,PGC51017,11,13.6,66.0,7.889301702506311,0.201,8.537605042151776,1.28,15.03,0.53,18.6,3.14,3.63,18.3,20.29507329378241,8.451231761722944,0.0
F583-4,F583-4,5,53.3,55.0,8.933234128714808,0.641,9.233003729526757,3.31,24.94,1.93,69.9,3.14,7.29,69.9,40.0131290953357,9.91810483703531,0.6723194385602977
NGC1003,NGC1003,6,11.4,67.0,9.532754378992498,5.88,10.05,2.76,140.87,1.61,109.8,3.14,30.24,115.0,48.82695362194943,10.968400424762365,0.8197299508506616
UGC05829,UGC05829,10,8.64,34.0,8.450249108319362,1.023,9.22,2.91,10.59,1.99,65.6,3.14,6.29,65.6,39.398706831569996,9.798881281422561,0.6392916000520523
F574-2,F574-2,9,89.1,30.0,9.102,1.701,9.547413629236415,6.48,10.89,3.76,40.0,3.12,10.83,40.0,45.96402179966414,9.605171396507219,0.0
F571-V1,F571-V1,7,80.1,30.0,8.786,1.217,9.41,4.38,15.3,2.47,83.6,2.77,13.59,83.9,39.191024482654186,10.347166335615867,0.7818027307041557
UGC07089,UGC07089,8,18.0,80.0,9.36,1.214,9.53,3.9,37.4,2.26,73.7,3.22,7.85,73.7,53.82706010920529,9.996227589689328,0.4665836231449145
NGC5055,NGC5055,4,9.9,55.0,11.214,11.722,10.96,4.18,1383.02,3.2,179.0,3.99,51.7,174.0,120.63868575212514,11.561011996885115,0.519299362531378
NGC5005,NGC5005,4,16.9,68.0,10.951143160107552,1.28,10.96,3.97,1789.91,9.45,262.2,3.14,11.47,265.0,274.56662306260023,11.272478123000855,0.0
NGC5907,NGC5907,5,17.3,88.0,10.943061489536872,21.025,11.06,7.88,449.6,5.34,215.0,3.14,50.33,214.0,141.04020455175183,11.729077434321495,0.5656315114857193
NGC0891,NGC0891,3,9.91,90.0,10.83991777567868,4.462,10.88,3.68,1617.45,2.55,216.1,3.14,17.11,208.0,200.283838838784,11.235799636692596,0.07281767520340243
UGC00891,UGC00891,9,10.2,60.0,8.2718416065365,0.428,8.878659644885605,1.76,19.09,1.43,63.75,3.14,7.39,63.75,26.741004094835333,9.844027773832783,0.824047661668589
NGC6015,NGC6015,6,17.0,60.0,10.424,5.834,10.535360912939737,3.92,331.76,2.3,154.1,3.38,28.37,158.0,81.15792321147701,11.216596466930671,0.7361557242429098
UGC05253,UGC05253,2,22.9,37.0,11.036,16.396,11.115441561097523,4.28,1488.78,8.07,213.7,3.14,53.29,218.0,129.81748726577632,11.769981664676093,0.645388014476896
UGC12632,UGC12632,9,9.77,46.0,8.813247300897604,1.744,9.47,3.94,13.09,2.42,71.7,3.14,10.66,73.1,41.24416322341866,10.122014915832247,0.6816607125145734
UGC07323,UGC07323,8,8.0,47.0,9.31270614559789,0.722,9.48,3.26,61.49,2.26,85.6,3.14,5.82,85.6,67.30523976630646,9.996293471230167,0.38176979157568347
NGC2903,NGC2903,4,6.6,66.0,10.717,2.552,10.744399635180562,4.54,632.16,2.33,184.6,3.92,24.96,180.0,123.48815530244185,11.274212548442971,0.5293418364197532
NGC7814,NGC7814,2,14.4,90.0,10.686,1.07,10.59,2.08,2709.13,2.54,218.9,4.34,19.53,214.0,132.75440557661352,11.317952747212209,0.6151687439951088
UGC06667,UGC06667,6,18.0,89.0,8.78,0.809,9.25,3.5,18.06,5.15,83.8,2.34,7.85,85.7,34.26793836810146,10.127254257817622,0.840112574188269
UGC09992,UGC09992,10,10.7,30.0,8.225309281725863,0.318,8.77,1.62,20.18,1.04,33.6,3.14,3.12,33.4,28.550882648352573,8.908070484867544,0.269288160206533
NGC3949,NGC3949,4,18.0,55.0,10.409,3.371,10.37,2.39,1058.84,3.59,163.0,3.29,7.07,169.0,162.0689979607451,10.67161578025022,0.08034172122824823
NGC4157,NGC4157,3,18.0,82.0,10.933,8.226,10.8,4.44,848.85,2.32,184.7,5.08,29.61,185.0,133.0775987910813,11.372204821421299,0.48255230679327976
NGC0055,NGC0055,9,2.11,77.0,9.364363354615731,1.565,9.64,3.67,54.55,6.11,85.6,3.14,13.5,86.5,58.597202151638605,10.370788940650607,0.5410963146112466
UGC05750,UGC05750,8,58.7,64.0,9.22219604630172,1.099,9.49549854689641,8.8,6.87,3.46,78.9,3.14,22.85,78.9,45.51346174485083,10.519463168050683,0.667244125097788
UGC06818,UGC06818,9,18.0,75.0,8.899820502427096,1.079,9.35,2.12,56.08,1.39,71.2,3.14,6.11,68.1,41.83754533908508,9.818758391294097,0.6225684781600868
UGC06917,UGC06917,9,18.0,56.0,10.019,2.023,9.79,4.52,53.07,2.76,108.7,2.96,10.47,111.0,70.57971167410646,10.47701559647813,0.5956906338771204
NGC3953,NGC3953,4,18.0,62.0,11.131,2.832,11.14293298371344,6.17,587.26,4.89,220.8,3.91,15.68,215.0,221.95086753603826,11.226645935405603,0.0
UGCA442,UGCA442,9,4.35,64.0,7.845098040014257,0.263,8.62,1.71,7.6,1.18,56.4,3.14,6.33,56.5,19.832975066792173,9.671923562882204,0.8767806719398543
UGC03546,UGC03546,1,28.7,55.0,10.744,2.675,10.73,2.58,2403.42,3.79,196.9,3.08,29.23,193.0,127.02000866005324,11.403366390598956,0.5668586378157803
UGC04305,UGC04305,10,3.45,40.0,8.565847818673518,0.69,9.109139643904017,1.23,76.71,1.16,34.5,3.14,5.52,33.0,38.25611062301028,9.145389914710947,0.0
UGC02455,UGC02455,10,6.92,51.0,9.317,0.803,9.49733104901628,1.49,254.0,0.99,61.0,1.6,4.03,61.0,71.71624711318907,9.542387673388616,0.0
NGC3198,NGC3198,5,13.8,73.0,10.464,10.869,10.53,5.84,178.99,3.14,150.1,3.45,44.08,149.0,78.01873172514406,11.35703707989425,0.7258266519526146
DDO154,DDO154,10,4.04,64.0,7.423245873936808,0.275,8.59,0.65,19.99,0.37,47.0,3.14,5.92,45.5,16.8462814888034,9.454767457263117,0.862916459364811
UGC08490,UGC08490,9,4.65,50.0,8.745,0.72,9.17,1.14,124.98,0.67,78.6,2.67,10.15,77.6,30.777426793024787,10.15261244199158,0.8426954910192369
D631-7,D631-7,10,7.72,59.0,7.991226075692495,0.29,8.68,1.22,20.93,0.7,57.7,3.14,6.74,57.7,20.562927807099843,9.717434480072756,0.8729957438372746
UGC09133,UGC09133,2,57.1,53.0,11.150642863909233,33.428,11.27,5.92,1284.78,6.97,226.8,3.14,108.31,229.0,118.36947832950858,12.120762477739989,0.732817196468412
NGC2955,NGC2955,3,97.9,56.0,11.404,28.949,11.3,7.22,974.61,18.76,227.0,3.7,35.43,227.0,214.09624494605225,11.627845823945396,0.11045814783908081
NGC0247,NGC0247,7,3.7,74.0,9.564192460626197,1.746,9.78,5.87,33.79,3.74,104.9,3.14,14.01,108.0,61.22786048850637,10.579708603485647,0.6785964591906721
NGC5033,NGC5033,5,15.7,66.0,11.057,11.314,10.85,2.94,2036.24,5.16,194.2,4.06,44.59,196.0,113.46365453307064,11.600172572288532,0.6648791935651812
NGC4389,NGC4389,4,18.0,50.0,10.208,0.539,10.226869305052103,4.05,207.41,2.79,110.0,3.39,5.32,110.0,141.95202710775214,10.17511995983747,0.0
NGC0100,NGC0100,6,13.5,89.0,9.208441356438568,1.99,9.63,2.81,64.99,1.66,88.1,3.14,9.62,91.2,45.579285865401616,10.269587705920618,0.7502270770814097
NGC2841,NGC2841,3,14.1,76.0,11.293,9.775,11.03,5.51,983.63,3.64,284.8,4.13,63.64,294.0,132.65628556536626,12.106847789024831,0.7964078613077884
DDO168,DDO168,10,4.25,63.0,7.980003371583746,0.413,8.81,1.29,18.23,1.02,53.4,3.14,4.12,52.0,28.01935937882949,9.413326860528706,0.709658099112426
NGC2366,NGC2366,10,3.27,68.0,8.071882007306126,0.647,8.99056526834111,1.08,31.98,0.65,50.2,3.14,6.06,49.4,29.396416448267974,9.536349479239552,0.645892696159583
NGC4088,NGC4088,4,18.0,69.0,11.008,8.226,10.81,6.1,457.96,2.58,171.7,3.95,19.28,171.0,170.92076205072337,11.117522207577093,0.000926544919804484
UGC06973,UGC06973,2,18.0,71.0,10.346,1.753,10.389404512126589,1.61,3317.65,1.07,174.2,4.78,7.85,180.0,178.83629301682586,10.771837624177838,0.012888280864197466
UGC03205,UGC03205,2,50.0,67.0,10.759,9.677,10.84,5.35,587.26,3.19,219.6,3.0,40.04,220.0,120.17396390233618,11.653762387677666,0.701616082644628
NGC6946,NGC6946,6,5.52,38.0,10.519650828475031,5.67,10.608821167944376,4.2,571.26,2.44,158.9,3.14,20.4,154.0,127.64319840868922,11.051094566324798,0.31300446533985493
NGC5585,NGC5585,7,7.06,51.0,9.222,1.683,9.591691900010586,2.27,90.54,1.53,90.3,2.78,10.96,89.4,47.66093578602921,10.308908548966158,0.7157829727389657
UGC07690,UGC07690,10,8.11,41.0,8.632457292184725,0.39,8.98,0.86,184.01,0.57,57.4,3.14,4.13,55.9,38.370010424809635,9.477196624655221,0.5288488900125128
UGC08550,UGC08550,7,6.7,90.0,8.382,0.288,8.72,1.01,45.38,0.45,56.9,3.46,4.39,57.8,25.287255683446556,9.532743154309152,0.8085974485458747
NGC6674,NGC6674,3,51.2,54.0,11.030708990148176,32.165,11.18,7.75,560.83,6.04,241.3,3.14,72.41,242.0,123.21465253775624,11.9938522366674,0.7407647940714432
DDO170,DDO170,10,15.4,66.0,8.433769833924865,0.735,9.1,3.03,9.39,1.95,60.0,3.14,12.33,62.2,29.074217100379503,10.044966803203343,0.781508126466848
F561-1,F561-1,9,66.4,24.0,9.309310715788175,1.622,9.622810638325946,5.39,22.12,2.79,50.0,3.14,9.66,50.4,57.449640555881636,9.756261156532517,0.0
NGC3893,NGC3893,5,18.0,49.0,10.689,5.799,10.57,2.43,1573.37,2.38,174.0,3.41,19.05,167.0,127.33275344545095,11.091750879532777,0.41863709347771527
UGC07559,UGC07559,10,4.97,61.0,7.7363965022766426,0.169,8.44602428502349,0.98,17.9,0.58,32.1,3.14,2.53,32.1,22.581483565080486,8.782553543211534,0.5051257266524976
UGC06614,UGC06614,1,88.7,36.0,11.065,21.888,10.96,3.68,1461.61,5.1,199.8,3.9,47.38,205.0,121.1683927433223,11.665525735724227,0.6506417751338489
F565-V2,F565-V2,10,51.8,60.0,8.446381812222443,0.699,9.08,3.57,6.93,2.17,83.1,3.14,8.8,83.1,32.922553060174415,10.150107676944364,0.8430414547013225
NGC4138,NGC4138,0,18.0,53.0,10.642,1.483,10.38,1.91,1909.11,1.51,147.3,3.85,18.58,150.0,105.05523404381145,10.987651184994958,0.5094843466666665
UGC07608,UGC07608,10,8.21,25.0,8.12057393120585,0.535,8.926110829759205,1.6,16.48,1.5,66.0,3.14,4.18,66.0,26.844360674078274,9.626687110084745,0.8345684802571166
