Galaxy,logL,logM,e_M,color,M_L
UGC08550,8.47,8.382,0.018,3.46,0.81
NGC2683,10.856,10.903,0.004,4.19,1.11
F574-1,9.67,9.482,0.026,3.16,0.65
UGC11820,8.785,8.566,0.102,3.09,0.6
UGC06973,10.691,10.346,0.003,4.78,0.45
UGC07151,9.352,9.117,0.016,3.04,0.58
NGC4085,10.284,10.331,0.004,4.08,1.11
NGC7814,10.867,10.686,0.003,4.34,0.66
NGC6503,10.084,9.823,0.002,2.32,0.55
NGC2841,11.246,11.293,0.005,4.13,1.11
UGC08699,10.666,10.711,0.007,3.99,1.11
UGC08837,8.643,8.527,0.04,3.36,0.77
F568-1,9.674,9.411,0.061,2.5,0.55
UGC09037,10.734,10.595,0.019,3.29,0.73
NGC3726,10.837,10.706,0.006,3.31,0.74
UGC07261,9.327,9.063,0.02,2.74,0.54
UGC06628,9.808,9.557,0.033,2.98,0.56
UGC07399,8.991,8.726,0.035,2.85,0.54
UGC11455,11.512,11.266,0.005,3.0,0.57
NGC5985,11.303,11.286,0.005,3.73,0.96
NGC2903,10.679,10.717,0.004,3.92,1.09
NGC4389,10.313,10.208,0.009,3.39,0.78
UGC06983,9.711,9.446,0.034,2.81,0.54
NGC3972,10.126,10.126,0.008,3.78,1.0
NGC3893,10.789,10.689,0.005,3.41,0.79
NGC4088,10.967,11.008,0.002,3.95,1.1
UGC04325,9.3,9.045,0.03,2.96,0.56
UGC08286,9.062,8.99,0.014,3.55,0.85
NGC2998,11.126,11.061,0.008,3.58,0.86
NGC7331,11.371,11.191,0.004,4.44,0.66
NGC0024,9.642,9.384,0.005,1.76,0.55
NGC0289,10.859,10.594,0.006,2.84,0.54
NGC2403,10.014,9.76,0.018,2.97,0.56
NGC4138,10.62,10.642,0.004,3.85,1.05
UGC06614,11.031,11.065,0.019,3.9,1.08
UGC07232,7.968,7.704,0.032,2.54,0.55
NGC4013,10.862,10.769,0.002,4.52,0.81
NGC5371,11.659,11.607,0.002,3.63,0.89
F574-2,9.308,9.102,0.078,3.12,0.62
UGC06399,9.266,9.045,0.03,3.08,0.6
UGC06923,9.403,9.142,0.034,2.93,0.55
NGC5055,11.169,11.214,0.018,3.99,1.11
NGC4214,9.144,8.883,0.005,2.29,0.55
NGC3198,10.554,10.464,0.007,3.45,0.81
UGC03205,11.005,10.759,0.008,3.0,0.57
NGC4157,10.974,10.933,0.002,5.08,0.91
UGC07125,9.382,9.222,0.045,3.23,0.69
F583-1,8.885,8.62,0.046,2.87,0.54
NGC6015,10.534,10.424,0.004,3.38,0.78
UGC07089,9.525,9.36,0.029,3.22,0.68
UGC07603,8.526,8.262,0.03,2.88,0.54
NGC3992,11.339,11.311,0.003,3.7,0.94
NGC3741,7.455,7.192,0.023,2.44,0.55
ESO563-G021,11.432,11.186,0.009,3.0,0.57
NGC1705,8.79,8.533,0.007,1.61,0.55
NGC3953,11.096,11.131,0.004,3.91,1.08
NGC1090,10.856,10.794,0.005,3.6,0.87
UGC02455,9.574,9.317,0.004,1.6,0.55
UGC05414,9.239,8.975,0.029,2.64,0.54
NGC2955,11.43,11.404,0.005,3.7,0.94
UGC08490,9.01,8.745,0.021,2.67,0.54
NGC3949,10.55,10.409,0.004,3.29,0.72
F571-V1,9.051,8.786,0.052,2.77,0.54
NGC3521,10.873,10.92,0.008,4.04,1.11
NGC5033,11.01,11.057,0.006,4.06,1.11
UGC11914,11.27,10.975,0.008,4.2,0.51
F579-V1,10.003,9.805,0.022,3.14,0.63
UGC03546,10.965,10.744,0.006,3.08,0.6
NGC6195,11.741,11.509,0.005,3.05,0.59
NGC0801,11.45,11.186,0.008,2.55,0.55
UGC06446,8.892,8.629,0.093,2.56,0.55
UGC05716,8.592,8.329,0.091,2.54,0.55
NGC7793,9.815,9.569,0.012,3.0,0.57
UGC02487,11.934,11.754,0.004,4.38,0.66
UGC10310,9.259,8.995,0.036,2.59,0.54
UGC06917,10.274,10.019,0.009,2.96,0.56
UGC05253,11.234,11.036,0.011,3.14,0.63
UGC02259,9.293,9.047,0.018,3.0,0.57
NGC5585,9.487,9.222,0.008,2.78,0.54
UGC06786,10.843,10.837,0.013,3.76,0.99
UGC04499,9.102,8.84,0.048,2.47,0.55
NGC2915,8.834,8.572,0.013,2.25,0.55
UGC06667,9.042,8.78,0.017,2.34,0.55
UGC07866,7.974,7.713,0.049,2.18,0.55
NGC4100,10.73,10.775,0.003,3.99,1.11
UGC02953,11.462,11.216,0.004,3.0,0.57
UGC06787,10.845,10.853,0.002,3.81,1.02
UGC06930,10.014,9.749,0.019,2.73,0.54
